{
  "agent_xpos": 1.2941681397784541,
  "agent_x_min_max": [
    0.25,
    0.75
  ],
  "agent_jump_distance": 0.15,
  "arena_x_bounds": [
    0,
    4
  ],
  "arena_y_bounds": [
    0,
    2
  ],
  "asteroids": [
    {
      "c_pos_x": 0.07055633328298239,
      "c_vel_x": 0.0066424943168159846,
      "c_accel_x": 0.0,
      "c_pos_y": 0.4145034580753524,
      "c_vel_y": 0.002340990411641622,
      "c_accel_y": -0.0,
      "t_created": 0,
      "id": 1
    },
    {
      "c_pos_x": 2.7250014081886174,
      "c_vel_x": -0.005504192432164522,
      "c_accel_x": 0.0,
      "c_pos_y": 1.4141670870308392,
      "c_vel_y": -0.002464845701212203,
      "c_accel_y": 0.0,
      "t_created": 0,
      "id": 2
    },
    {
      "c_pos_x": 1.2008595636412553,
      "c_vel_x": 0.008162093290038485,
      "c_accel_x": 0.0,
      "c_pos_y": 2,
      "c_vel_y": -0.0027070538527915106,
      "c_accel_y": 0.0,
      "t_created": 15,
      "id": 3
    },
    {
      "c_pos_x": 2.593718388821194,
      "c_vel_x": -0.007585828011630949,
      "c_accel_x": 0.0,
      "c_pos_y": 2,
      "c_vel_y": -0.003966205542163691,
      "c_accel_y": -0.0,
      "t_created": 30,
      "id": 4
    },
    {
      "c_pos_x": 3.9222304978590508,
      "c_vel_x": -0.008556715147629285,
      "c_accel_x": -0.0,
      "c_pos_y": 2,
      "c_vel_y": -0.0037863772194347968,
      "c_accel_y": -0.0,
      "t_created": 45,
      "id": 5
    },
    {
      "c_pos_x": 4,
      "c_vel_x": -0.008617868198244689,
      "c_accel_x": -0.0,
      "c_pos_y": 1.999003937261682,
      "c_vel_y": -0.0038000817059964066,
      "c_accel_y": 0.0,
      "t_created": 60,
      "id": 6
    },
    {
      "c_pos_x": 1.13209147483165,
      "c_vel_x": 0.007420979235538463,
      "c_accel_x": -0.0,
      "c_pos_y": 0,
      "c_vel_y": 0.0031781766609450222,
      "c_accel_y": 0.0,
      "t_created": 75,
      "id": 7
    },
    {
      "c_pos_x": 2.267217155861978,
      "c_vel_x": 0.0064611602664955145,
      "c_accel_x": 0.0,
      "c_pos_y": 2,
      "c_vel_y": -0.0038446794164473073,
      "c_accel_y": 0.0,
      "t_created": 90,
      "id": 8
    },
    {
      "c_pos_x": 0.6769261301752199,
      "c_vel_x": 0.009032844458302741,
      "c_accel_x": -0.0,
      "c_pos_y": 2,
      "c_vel_y": -0.0030938195628312203,
      "c_accel_y": -0.0,
      "t_created": 105,
      "id": 9
    },
    {
      "c_pos_x": 4,
      "c_vel_x": -0.007353989509931267,
      "c_accel_x": -0.0,
      "c_pos_y": 1.249960607057571,
      "c_vel_y": -0.0023714411241897307,
      "c_accel_y": 0.0,
      "t_created": 120,
      "id": 10
    },
    {
      "c_pos_x": 0,
      "c_vel_x": 0.005458834701715309,
      "c_accel_x": 0.0,
      "c_pos_y": 0.34436343365300526,
      "c_vel_y": 0.002931261843358265,
      "c_accel_y": -0.0,
      "t_created": 135,
      "id": 11
    },
    {
      "c_pos_x": 4,
      "c_vel_x": -0.009688635504018344,
      "c_accel_x": -0.0,
      "c_pos_y": 1.7293742956885805,
      "c_vel_y": -0.002505387101662592,
      "c_accel_y": -0.0,
      "t_created": 150,
      "id": 12
    },
    {
      "c_pos_x": 0,
      "c_vel_x": 0.00875413460054677,
      "c_accel_x": -0.0,
      "c_pos_y": 1.1059838362976147,
      "c_vel_y": 0.0028189243384045518,
      "c_accel_y": -0.0,
      "t_created": 165,
      "id": 13
    },
    {
      "c_pos_x": 0,
      "c_vel_x": 0.007429576234541732,
      "c_accel_x": -0.0,
      "c_pos_y": 0.3926154609085193,
      "c_vel_y": 0.0030676420115369773,
      "c_accel_y": -0.0,
      "t_created": 180,
      "id": 14
    },
    {
      "c_pos_x": 2.7915812999067264,
      "c_vel_x": 0.006541153664886647,
      "c_accel_x": 0.0,
      "c_pos_y": 2,
      "c_vel_y": -0.002901538682913795,
      "c_accel_y": -0.0,
      "t_created": 195,
      "id": 15
    },
    {
      "c_pos_x": 2.1068834286174307,
      "c_vel_x": -0.006835854945200944,
      "c_accel_x": -0.0,
      "c_pos_y": 0,
      "c_vel_y": 0.0035624278974371692,
      "c_accel_y": -0.0,
      "t_created": 210,
      "id": 16
    },
    {
      "c_pos_x": 3.422567163446075,
      "c_vel_x": 0.005956238232970095,
      "c_accel_x": -0.0,
      "c_pos_y": 0,
      "c_vel_y": 0.0023767633154980466,
      "c_accel_y": 0.0,
      "t_created": 225,
      "id": 17
    },
    {
      "c_pos_x": 0,
      "c_vel_x": 0.005026670325093121,
      "c_accel_x": -0.0,
      "c_pos_y": 0.20675404209167603,
      "c_vel_y": -0.0024989218109103695,
      "c_accel_y": -0.0,
      "t_created": 240,
      "id": 18
    },
    {
      "c_pos_x": 4,
      "c_vel_x": -0.007138598984498441,
      "c_accel_x": 0.0,
      "c_pos_y": 1.687486432434321,
      "c_vel_y": 0.002364592034010036,
      "c_accel_y": -0.0,
      "t_created": 255,
      "id": 19
    },
    {
      "c_pos_x": 1.2867042556856436,
      "c_vel_x": -0.009634079203659154,
      "c_accel_x": -0.0,
      "c_pos_y": 0,
      "c_vel_y": 0.0033248919213081174,
      "c_accel_y": -0.0,
      "t_created": 270,
      "id": 20
    },
    {
      "c_pos_x": 1.2398591973354733,
      "c_vel_x": 0.007587915334561878,
      "c_accel_x": 0.0,
      "c_pos_y": 2,
      "c_vel_y": -0.0031418200212254134,
      "c_accel_y": -0.0,
      "t_created": 285,
      "id": 21
    },
    {
      "c_pos_x": 1.6290292171346357,
      "c_vel_x": -0.009878330845979211,
      "c_accel_x": -0.0,
      "c_pos_y": 2,
      "c_vel_y": -0.003465583086103327,
      "c_accel_y": -0.0,
      "t_created": 300,
      "id": 22
    },
    {
      "c_pos_x": 2.5180855073222888,
      "c_vel_x": 0.006174567891179973,
      "c_accel_x": 0.0,
      "c_pos_y": 0,
      "c_vel_y": 0.003499699480870371,
      "c_accel_y": -0.0,
      "t_created": 315,
      "id": 23
    },
    {
      "c_pos_x": 1.5146764203076106,
      "c_vel_x": 0.00557070950564885,
      "c_accel_x": 0.0,
      "c_pos_y": 2,
      "c_vel_y": -0.003659975444171069,
      "c_accel_y": -0.0,
      "t_created": 330,
      "id": 24
    },
    {
      "c_pos_x": 0,
      "c_vel_x": 0.005751836987187792,
      "c_accel_x": -0.0,
      "c_pos_y": 0.22615398274332743,
      "c_vel_y": 0.0028212263797817334,
      "c_accel_y": 0.0,
      "t_created": 345,
      "id": 25
    },
    {
      "c_pos_x": 0,
      "c_vel_x": 0.008329029689327904,
      "c_accel_x": -0.0,
      "c_pos_y": 0.3449255684390129,
      "c_vel_y": -0.002052755379079527,
      "c_accel_y": 0.0,
      "t_created": 360,
      "id": 26
    },
    {
      "c_pos_x": 3.9530121620711713,
      "c_vel_x": 0.005503827392001436,
      "c_accel_x": 0.0,
      "c_pos_y": 2,
      "c_vel_y": -0.0034368042491487952,
      "c_accel_y": -0.0,
      "t_created": 375,
      "id": 27
    },
    {
      "c_pos_x": 1.1608904386119305,
      "c_vel_x": -0.008726131566017408,
      "c_accel_x": 0.0,
      "c_pos_y": 0,
      "c_vel_y": 0.0025243524618931037,
      "c_accel_y": -0.0,
      "t_created": 390,
      "id": 28
    }
  ],
  "in_bounds": {
    "x_bounds": [
      0,
      2
    ],
    "y_bounds": [
      0,
      2
    ]
  },
  "asteroid_match_range": 0.005,
  "noise_sigma_x": 0.0,
  "noise_sigma_y": 0.0,
  "time_limit": 400,
  "_args": {
    "outfile": "case1.json",
    "asteroid_properties": null,
    "agent_x_min_max": [
      0.25,
      0.75
    ],
    "agent_jump_distance": 0.15,
    "arena_x_bounds": [
      0,
      4
    ],
    "arena_y_bounds": [
      0,
      2
    ],
    "asteroid_speed_x_max": 0.01,
    "asteroid_speed_x_min": 0.005,
    "asteroid_speed_y_max": 0.004,
    "asteroid_speed_y_min": 0.002,
    "asteroid_accel_x_min": 0.0,
    "asteroid_accel_x_max": 0.0,
    "asteroid_accel_y_min": 0.0,
    "asteroid_accel_y_max": 0.0,
    "asteroid_match_range": 0.005,
    "noise_sigma_x": 0.0,
    "noise_sigma_y": 0.0,
    "num_asteroids_per_time": -1,
    "num_asteroids_start": 2,
    "observation_noise_seed": 5,
    "generation_seed": 410,
    "time_limit": 400
  }
}